{
    "result":
    {
        "status": "success"
    },
    "favicon":
    {
        "package_url": "https://realfavicongenerator.net/files/ae47fc4ccaccb25f2a75b3b3f64495e44b32fdad/favicons.zip",
        "files_urls": ["https://realfavicongenerator.net/files/ae47fc4ccaccb25f2a75b3b3f64495e44b32fdad/package_files/android-chrome-192x192.png", "https://realfavicongenerator.net/files/ae47fc4ccaccb25f2a75b3b3f64495e44b32fdad/package_files/android-chrome-256x256.png", "https://realfavicongenerator.net/files/ae47fc4ccaccb25f2a75b3b3f64495e44b32fdad/package_files/apple-touch-icon.png", "https://realfavicongenerator.net/files/ae47fc4ccaccb25f2a75b3b3f64495e44b32fdad/package_files/browserconfig.xml", "https://realfavicongenerator.net/files/ae47fc4ccaccb25f2a75b3b3f64495e44b32fdad/package_files/favicon-16x16.png", "https://realfavicongenerator.net/files/ae47fc4ccaccb25f2a75b3b3f64495e44b32fdad/package_files/favicon-32x32.png", "https://realfavicongenerator.net/files/ae47fc4ccaccb25f2a75b3b3f64495e44b32fdad/package_files/favicon.ico", "https://realfavicongenerator.net/files/ae47fc4ccaccb25f2a75b3b3f64495e44b32fdad/package_files/manifest.json", "https://realfavicongenerator.net/files/ae47fc4ccaccb25f2a75b3b3f64495e44b32fdad/package_files/mstile-144x144.png", "https://realfavicongenerator.net/files/ae47fc4ccaccb25f2a75b3b3f64495e44b32fdad/package_files/mstile-150x150.png", "https://realfavicongenerator.net/files/ae47fc4ccaccb25f2a75b3b3f64495e44b32fdad/package_files/mstile-310x150.png", "https://realfavicongenerator.net/files/ae47fc4ccaccb25f2a75b3b3f64495e44b32fdad/package_files/mstile-310x310.png", "https://realfavicongenerator.net/files/ae47fc4ccaccb25f2a75b3b3f64495e44b32fdad/package_files/mstile-70x70.png", "https://realfavicongenerator.net/files/ae47fc4ccaccb25f2a75b3b3f64495e44b32fdad/package_files/safari-pinned-tab.svg"],
        "html_code": "<link rel=\"apple-touch-icon\" sizes=\"180x180\" href=\"./favicon/apple-touch-icon.png\">\n<link rel=\"icon\" type=\"image/png\" sizes=\"32x32\" href=\"./favicon/favicon-32x32.png\">\n<link rel=\"icon\" type=\"image/png\" sizes=\"16x16\" href=\"./favicon/favicon-16x16.png\">\n<link rel=\"manifest\" href=\"./favicon/manifest.json\">\n<link rel=\"mask-icon\" href=\"./favicon/safari-pinned-tab.svg\" color=\"#5bbad5\">\n<link rel=\"shortcut icon\" href=\"./favicon/favicon.ico\">\n<meta name=\"msapplication-TileColor\" content=\"#ffffff\">\n<meta name=\"msapplication-TileImage\" content=\"./favicon/mstile-144x144.png\">\n<meta name=\"msapplication-config\" content=\"./favicon/browserconfig.xml\">\n<meta name=\"theme-color\" content=\"#ffffff\">",
        "compression": "false",
        "overlapping_markups": ["link[rel=\"apple-touch-icon\"]", "link[rel=\"shortcut\"]", "link[rel=\"shortcut icon\"]", "link[rel=\"icon\",sizes=\"16x16\"]", "link[rel=\"icon\",sizes=\"32x32\"]", "meta[name=\"msapplication-TileColor\"]", "meta[name=\"msapplication-TileImage\"]", "meta[name=\"msapplication-config\"]", "link[rel=\"manifest\"]", "meta[name=\"theme-color\"]", "link[rel=\"mask-icon\"]"]
    },
    "files_location":
    {
        "type": "path",
        "path": "./favicon"
    },
    "preview_picture_url": "https://realfavicongenerator.net/files/ae47fc4ccaccb25f2a75b3b3f64495e44b32fdad/favicon_preview.png",
    "version": "0.15"
}